State,Employee_Name,Position,Email
All,James Carter,General Manager,james.carter@meridianoffice.com
Arizona,Olivia Brooks,State Supervisor,olivia.brooks@meridianoffice.com
California,Ethan Walker,State Supervisor,ethan.walker@meridianoffice.com
Colorado,Sophia Bennett,State Supervisor,sophia.bennett@meridianoffice.com
Florida,Noah Parker,State Supervisor,noah.parker@meridianoffice.com
Georgia,Ava Mitchell,State Supervisor,ava.mitchell@meridianoffice.com
Illinois,Liam Cooper,State Supervisor,liam.cooper@meridianoffice.com
Indiana,Emma Reed,State Supervisor,emma.reed@meridianoffice.com
Kentucky,Mason Bailey,State Supervisor,mason.bailey@meridianoffice.com
Louisiana,Chloe Morgan,State Supervisor,chloe.morgan@meridianoffice.com
Massachusetts,Lucas Hayes,State Supervisor,lucas.hayes@meridianoffice.com
Maryland,Mia Collins,State Supervisor,mia.collins@meridianoffice.com
Michigan,Logan Ward,State Supervisor,logan.ward@meridianoffice.com
Minnesota,Harper Foster,State Supervisor,harper.foster@meridianoffice.com
Missouri,Elijah Simmons,State Supervisor,elijah.simmons@meridianoffice.com
North Carolina,Amelia Powell,State Supervisor,amelia.powell@meridianoffice.com
New Jersey,Benjamin Ross,State Supervisor,benjamin.ross@meridianoffice.com
Nevada,Evelyn Price,State Supervisor,evelyn.price@meridianoffice.com
New York,Alexander Murphy,State Supervisor,alex.murphy@meridianoffice.com
Ohio,Charlotte Peterson,State Supervisor,charlotte.peterson@meridianoffice.com
Oklahoma,Henry Richardson,State Supervisor,henry.richardson@meridianoffice.com
Oregon,Isabella Hughes,State Supervisor,isabella.hughes@meridianoffice.com
Pennsylvania,Daniel Kelly,State Supervisor,daniel.kelly@meridianoffice.com
Tennessee,Scarlett Gray,State Supervisor,scarlett.gray@meridianoffice.com
Texas,Jackson Wood,State Supervisor,jackson.wood@meridianoffice.com
Virginia,Grace Bennett,State Supervisor,grace.bennett@meridianoffice.com
Washington,Sebastian Cook,State Supervisor,sebastian.cook@meridianoffice.com
Wisconsin,Lily Sanders,State Supervisor,lily.sanders@meridianoffice.com
